Workbook

Sheet All Time Wins - Regular Season
B1: All Time Regular Season | G1: 2026 | I1: 2025 | K1: 2024 | M1: 2023 | O1: 2022 | Q1: 2021 | S1: 2020 | U1: 2019 | W1: 2018 | Y1: 2017 | AA1: 2016 | AC1: 2015 | AE1: 2014 | AG1: 2013 | AI1: 2012 | AK1: 2011 | AM1: 2010 | AO1: 2009 | AQ1: 2008 | AS1: 2007 | AU1: 2006
B2: Wins | C2: Losses | D2: Win % | E2: Active | F2: Total Games | G2: Wins | H2: Losses | I2: Wins | J2: Losses | K2: Wins | L2: Losses | M2: Wins | N2: Losses | O2: Wins | P2: Losses | Q2: Wins | R2: Losses | S2: Wins | T2: Losses | W2: Wins | X2: Losses | Y2: Wins | Z2: Losses | AA2: Wins | AB2: Losses | AC2: Wins | AD2: Losses | AE2: Wins | AF2: Losses | AG2: Wins | AH2: Losses | AI2: Wins | AJ2: Losses | AK2: Wins | AL2: Losses | AM2: Wins | AN2: Losses | AO2: Wins | AP2: Losses | AQ2: Wins | AR2: Losses | AS2: Wins | AT2: Losses | AU2: Wins | AV2: Losses
A3: Rich S. | B3: =SUM(G3,I3,K3,M3,O3,Q3,S3,U3,W3,Y3,AA3,AC3,AE3,AG3,AI3,AK3,AM3,AO3,AQ3,AS3,AU3) | C3: =SUM(H3,J3,L3,N3,P3,R3,T3,X3,Z3,AB3,V3,AD3,AF3,AH3,AJ3,AL3,AN3,AP3,AR3,AT3,AV3) | D3: =IF(F3>30,B3/(B3+C3),"n/a") | E3: Yes | F3: =B3+C3 | I3: 6 | J3: 8 | K3: 8 | L3: 6 | M3: 6 | N3: 8 | O3: 13 | P3: 1 | Q3: 11 | R3: 3 | S3: 3 | T3: 10 | U3: 8 | V3: 5 | W3: 6 | X3: 7 | Y3: 8 | Z3: 5 | AA3: 9 | AB3: 4 | AC3: 8 | AD3: 5 | AE3: - | AF3: - | AG3: - | AH3: - | AI3: - | AJ3: - | AK3: - | AL3: - | AM3: - | AN3: - | AO3: - | AP3: - | AQ3: - | AR3: - | AS3: - | AT3: - | AU3: 4 | AV3: 8
A4: Kevin E. | B4: =SUM(G4,I4,K4,M4,O4,Q4,S4,U4,W4,Y4,AA4,AC4,AE4,AG4,AI4,AK4,AM4,AO4,AQ4,AS4,AU4) | C4: =SUM(H4,J4,L4,N4,P4,R4,T4,X4,Z4,AB4,V4,AD4,AF4,AH4,AJ4,AL4,AN4,AP4,AR4,AT4,AV4) | D4: =IF(F4>30,B4/(B4+C4),"n/a") | E4: Yes | F4: =B4+C4 | I4: 9 | J4: 5 | K4: 10 | L4: 4 | M4: 7 | N4: 7 | O4: 8 | P4: 6 | Q4: 7 | R4: 7 | S4: 7 | T4: 6 | U4: - | V4: - | W4: - | X4: - | Y4: - | Z4: - | AA4: - | AB4: - | AC4: - | AD4: - | AE4: - | AF4: - | AG4: - | AH4: - | AI4: - | AJ4: - | AK4: 5 | AL4: 8 | AM4: 7 | AN4: 6 | AO4: 9 | AP4: 4 | AQ4: 7 | AR4: 6 | AS4: 8 | AT4: 5 | AU4: 8 | AV4: 4
A5: Dan F. | B5: =SUM(G5,I5,K5,M5,O5,Q5,S5,U5,W5,Y5,AA5,AC5,AE5,AG5,AI5,AK5,AM5,AO5,AQ5,AS5,AU5) | C5: =SUM(H5,J5,L5,N5,P5,R5,T5,X5,Z5,AB5,V5,AD5,AF5,AH5,AJ5,AL5,AN5,AP5,AR5,AT5,AV5) | D5: =IF(F5>30,B5/(B5+C5),"n/a") | E5: Yes | F5: =B5+C5 | I5: 7 | J5: 7 | K5: 9 | L5: 5 | M5: 8 | N5: 6 | O5: 8 | P5: 6 | Q5: 8 | R5: 6 | S5: 10 | T5: 3 | U5: 6 | V5: 7 | W5: 7 | X5: 6 | Y5: 5 | Z5: 8 | AA5: 10 | AB5: 3 | AC5: 8 | AD5: 5 | AE5: 3 | AF5: 10 | AG5: 8 | AH5: 5 | AI5: 4 | AJ5: 9 | AK5: - | AL5: - | AM5: - | AN5: - | AO5: - | AP5: - | AQ5: - | AR5: - | AS5: 10 | AT5: 3 | AU5: 5 | AV5: 7
A6: Rory M. | B6: =SUM(G6,I6,K6,M6,O6,Q6,S6,U6,W6,Y6,AA6,AC6,AE6,AG6,AI6,AK6,AM6,AO6,AQ6,AS6,AU6) | C6: =SUM(H6,J6,L6,N6,P6,R6,T6,X6,Z6,AB6,V6,AD6,AF6,AH6,AJ6,AL6,AN6,AP6,AR6,AT6,AV6) | D6: =IF(F6>30,B6/(B6+C6),"n/a") | E6: Yes | F6: =B6+C6 | I6: 9 | J6: 5 | K6: 5 | L6: 9 | M6: 11 | N6: 3 | O6: 4 | P6: 10 | Q6: 7 | R6: 7 | S6: 7 | T6: 6 | U6: 5 | V6: 8 | W6: 7 | X6: 6 | Y6: 8 | Z6: 5 | AA6: 5 | AB6: 8 | AC6: 6 | AD6: 7 | AE6: 5 | AF6: 8 | AG6: 8 | AH6: 5 | AI6: 7 | AJ6: 6 | AK6: 6 | AL6: 7 | AM6: 8 | AN6: 5 | AO6: 9 | AP6: 4 | AQ6: 4 | AR6: 8 | AS6: 8 | AT6: 5 | AU6: 11 | AV6: 1
A7: Mike L. | B7: =SUM(G7,I7,K7,M7,O7,Q7,S7,U7,W7,Y7,AA7,AC7,AE7,AG7,AI7,AK7,AM7,AO7,AQ7,AS7,AU7) | C7: =SUM(H7,J7,L7,N7,P7,R7,T7,X7,Z7,AB7,V7,AD7,AF7,AH7,AJ7,AL7,AN7,AP7,AR7,AT7,AV7) | D7: =IF(F7>30,B7/(B7+C7),"n/a") | E7: Yes | F7: =B7+C7 | I7: 4 | J7: 10 | K7: 8 | L7: 6 | M7: 6 | N7: 8 | O7: 9 | P7: 5 | Q7: 7 | R7: 7 | S7: 4 | T7: 9 | U7: 4 | V7: 9 | W7: 11 | X7: 2 | Y7: 10 | Z7: 3 | AA7: 3 | AB7: 10 | AC7: 4 | AD7: 9 | AE7: 6 | AF7: 7 | AG7: 5 | AH7: 8 | AI7: 9 | AJ7: 4 | AK7: 10 | AL7: 3 | AM7: 6 | AN7: 7 | AO7: 5 | AP7: 8 | AQ7: 10 | AR7: 3 | AS7: 4 | AT7: 9 | AU7: 4 | AV7: 8
A8: Kevin L. | B8: =SUM(G8,I8,K8,M8,O8,Q8,S8,U8,W8,Y8,AA8,AC8,AE8,AG8,AI8,AK8,AM8,AO8,AQ8,AS8,AU8) | C8: =SUM(H8,J8,L8,N8,P8,R8,T8,X8,Z8,AB8,V8,AD8,AF8,AH8,AJ8,AL8,AN8,AP8,AR8,AT8,AV8) | D8: =IF(F8>30,B8/(B8+C8),"n/a") | E8: Yes | F8: =B8+C8 | I8: 5 | J8: 9 | K8: 3 | L8: 11 | M8: 2 | N8: 12 | O8: 5 | P8: 9 | Q8: 5 | R8: 9 | S8: 7 | T8: 6 | U8: 9 | V8: 4 | W8: 6 | X8: 7 | Y8: 7 | Z8: 6 | AA8: 9 | AB8: 4 | AC8: 6 | AD8: 7 | AE8: 12 | AF8: 1 | AG8: 7 | AH8: 6 | AI8: 7 | AJ8: 6 | AK8: - | AL8: - | AM8: - | AN8: - | AO8: - | AP8: - | AQ8: - | AR8: - | AS8: - | AT8: - | AU8: - | AV8: -
A9: Nick P. | B9: =SUM(G9,I9,K9,M9,O9,Q9,S9,U9,W9,Y9,AA9,AC9,AE9,AG9,AI9,AK9,AM9,AO9,AQ9,AS9,AU9) | C9: =SUM(H9,J9,L9,N9,P9,R9,T9,X9,Z9,AB9,V9,AD9,AF9,AH9,AJ9,AL9,AN9,AP9,AR9,AT9,AV9) | D9: =IF(F9>30,B9/(B9+C9),"n/a") | E9: Yes | F9: =B9+C9 | I9: 10 | J9: 4 | K9: 8 | L9: 6 | M9: 8 | N9: 6 | O9: 7 | P9: 7 | Q9: 9 | R9: 5 | S9: 5 | T9: 8 | U9: 7 | V9: 6 | W9: 5 | X9: 8 | Y9: 7 | Z9: 6 | AA9: 8 | AB9: 5 | AC9: 6 | AD9: 7 | AE9: 8 | AF9: 5 | AG9: 5 | AH9: 8 | AI9: 4 | AJ9: 9 | AK9: 5 | AL9: 8 | AM9: 7 | AN9: 5 | AO9: 6 | AP9: 6 | AQ9: 3 | AR9: 10 | AS9: 5 | AT9: 7 | AU9: 6 | AV9: 6
A10: Adam D. | B10: =SUM(G10,I10,K10,M10,O10,Q10,S10,U10,W10,Y10,AA10,AC10,AE10,AG10,AI10,AK10,AM10,AO10,AQ10,AS10,AU10) | C10: =SUM(H10,J10,L10,N10,P10,R10,T10,X10,Z10,AB10,V10,AD10,AF10,AH10,AJ10,AL10,AN10,AP10,AR10,AT10,AV10) | D10: =IF(F10>30,B10/(B10+C10),"n/a") | E10: Yes | F10: =B10+C10 | I10: 7 | J10: 7 | K10: 4 | L10: 10 | M10: 8 | N10: 6 | O10: 6 | P10: 8 | Q10: 8 | R10: 6 | S10: 7 | T10: 6 | U10: 10 | V10: 3 | W10: 9 | X10: 4 | Y10: 7 | Z10: 6 | AA10: 1 | AB10: 12 | AC10: 8 | AD10: 5 | AE10: 6 | AF10: 7 | AG10: 5 | AH10: 8 | AI10: 8 | AJ10: 5 | AK10: 6 | AL10: 6 | AM10: 6 | AN10: 7 | AO10: 3 | AP10: 10 | AQ10: - | AR10: - | AS10: 2 | AT10: 11 | AU10: 6 | AV10: 6
A11: Paul L. | B11: =SUM(G11,I11,K11,M11,O11,Q11,S11,U11,W11,Y11,AA11,AC11,AE11,AG11,AI11,AK11,AM11,AO11,AQ11,AS11,AU11) | C11: =SUM(H11,J11,L11,N11,P11,R11,T11,X11,Z11,AB11,V11,AD11,AF11,AH11,AJ11,AL11,AN11,AP11,AR11,AT11,AV11) | D11: =IF(F11>30,B11/(B11+C11),"n/a") | E11: Yes | F11: =B11+C11 | I11: 5 | J11: 9 | K11: 8 | L11: 6 | M11: 8 | N11: 6 | O11: 4 | P11: 10 | Q11: 4 | R11: 10 | S11: 7 | T11: 6 | U11: 5 | V11: 8 | W11: 7 | X11: 6 | Y11: 5 | Z11: 8 | AA11: 7 | AB11: 6 | AC11: 9 | AD11: 4 | AE11: 5 | AF11: 8 | AG11: 5 | AH11: 8 | AI11: 6 | AJ11: 7 | AK11: 5 | AL11: 8 | AM11: 6 | AN11: 6 | AO11: 5 | AP11: 8 | AQ11: 5 | AR11: 8 | AS11: 7 | AT11: 5 | AU11: 5 | AV11: 7
A12: Nikki T. | B12: =SUM(G12,I12,K12,M12,O12,Q12,S12,U12,W12,Y12,AA12,AC12,AE12,AG12,AI12,AK12,AM12,AO12,AQ12,AS12,AU12) | C12: =SUM(H12,J12,L12,N12,P12,R12,T12,X12,Z12,AB12,V12,AD12,AF12,AH12,AJ12,AL12,AN12,AP12,AR12,AT12,AV12) | D12: =IF(F12>30,B12/(B12+C12),"n/a") | E12: Yes | F12: =B12+C12 | I12: 8 | J12: 6 | K12: 7 | L12: 7 | M12: 6 | N12: 8 | O12: 6 | P12: 8 | Q12: 4 | R12: 10 | S12: 8 | T12: 5 | U12: - | V12: - | W12: - | X12: - | Y12: - | Z12: - | AA12: - | AB12: - | AC12: - | AD12: - | AE12: - | AF12: - | AG12: - | AH12: - | AI12: - | AJ12: - | AK12: - | AL12: - | AM12: - | AN12: - | AO12: - | AP12: - | AQ12: - | AR12: - | AS12: - | AT12: - | AU12: - | AV12: -
G14: =COLUMN() | H14: =COLUMN() | I14: =COLUMN() | J14: =COLUMN() | K14: =COLUMN() | L14: =COLUMN() | M14: =COLUMN() | N14: =COLUMN() | ... AV14: =COLUMN()

Sheet Visual Data 1
B1: 2006 | C1: 2007 | D1: 2008 | E1: 2009 | F1: 2010 | G1: 2011 | H1: 2012 | I1: 2013 | J1: 2014 | K1: 2015 | L1: 2016 | M1: 2017 | N1: 2018 | O1: 2019 | P1: 2020 | Q1: 2021 | R1: 2022 | S1: 2023 | T1: 2024 | U1: 2025
A2: Rich S. | B2: 4 | C2: 0 | D2: 0 | E2: 0 | F2: 0 | G2: 0 | H2: 0 | I2: 0 | J2: 0 | K2: 8 | L2: 9 | M2: 8 | N2: 6 | O2: 8 | P2: 3 | Q2: 11 | R2: 13 | S2: 6 | T2: 8 | U2: 6
A3: Kevin E. | B3: 8 | C3: 8 | D3: 7 | E3: 9 | F3: 7 | G3: 5 | H3: 0 | I3: 0 | J3: 0 | K3: 0 | L3: 0 | M3: 0 | N3: 0 | O3: 0 | P3: 7 | Q3: 7 | R3: 8 | S3: 7 | T3: 10 | U3: 9
A4: Dan F. | B4: 5 | C4: 10 | D4: 0 | E4: 0 | F4: 0 | G4: 0 | H4: 4 | I4: 8 | J4: 3 | K4: 8 | L4: 10 | M4: 5 | N4: 7 | O4: 6 | P4: 10 | Q4: 8 | R4: 8 | S4: 8 | T4: 9 | U4: 7
A5: Rory M. | B5: 11 | C5: 8 | D5: 4 | E5: 9 | F5: 8 | G5: 6 | H5: 7 | I5: 8 | J5: 5 | K5: 6 | L5: 5 | M5: 8 | N5: 7 | O5: 5 | P5: 7 | Q5: 7 | R5: 4 | S5: 11 | T5: 5 | U5: 9
A6: Mike L. | B6: 4 | C6: 4 | D6: 10 | E6: 5 | F6: 6 | G6: 10 | H6: 9 | I6: 5 | J6: 6 | K6: 4 | L6: 3 | M6: 10 | N6: 11 | O6: 4 | P6: 4 | Q6: 7 | R6: 9 | S6: 6 | T6: 8 | U6: 4
A7: Kevin L. | B7: 0 | C7: 0 | D7: 0 | E7: 0 | F7: 0 | G7: 0 | H7: 7 | I7: 7 | J7: 12 | K7: 6 | L7: 9 | M7: 7 | N7: 6 | O7: 9 | P7: 7 | Q7: 5 | R7: 5 | S7: 2 | T7: 3 | U7: 5
A8: Nick P. | B8: 6 | C8: 5 | D8: 3 | E8: 6 | F8: 7 | G8: 5 | H8: 4 | I8: 5 | J8: 8 | K8: 6 | L8: 8 | M8: 7 | N8: 5 | O8: 7 | P8: 5 | Q8: 9 | R8: 7 | S8: 8 | T8: 8 | U8: 10
A9: Adam D. | B9: 6 | C9: 2 | D9: 0 | E9: 3 | F9: 6 | G9: 6 | H9: 8 | I9: 5 | J9: 6 | K9: 8 | L9: 1 | M9: 7 | N9: 9 | O9: 10 | P9: 7 | Q9: 8 | R9: 6 | S9: 8 | T9: 4 | U9: 7
A10: Paul L. | B10: 5 | C10: 7 | D10: 5 | E10: 5 | F10: 6 | G10: 5 | H10: 6 | I10: 5 | J10: 5 | K10: 9 | L10: 7 | M10: 5 | N10: 7 | O10: 5 | P10: 7 | Q10: 4 | R10: 4 | S10: 8 | T10: 8 | U10: 5
A11: Nikki T. | B11: 0 | C11: 0 | D11: 0 | E11: 0 | F11: 0 | G11: 0 | H11: 0 | I11: 0 | J11: 0 | K11: 0 | L11: 0 | M11: 0 | N11: 0 | O11: 0 | P11: 8 | Q11: 4 | R11: 6 | S11: 6 | T11: 7 | U11: 8
B13: 45 | C13: =B13-2 | D13: =C13-2 | E13: =D13-2 | F13: =E13-2 | G13: =F13-2 | H13: =G13-2 | I13: =H13-2 | J13: =I13-2 | ... T13: =S13-2

Sheet Visual Data 2
B1: 2006 | C1: 2007 | D1: 2008 | E1: 2009 | F1: 2010 | G1: 2011 | H1: 2012 | I1: 2013 | J1: 2014 | K1: 2015 | L1: 2016 | M1: 2017 | N1: 2018 | O1: 2019 | P1: 2020 | Q1: 2021 | R1: 2022 | S1: 2023 | T1: 2024 | U1: 2025
A2: Rich S. | B2: =VLOOKUP($A2,'Visual Data 1'!$A$2:$T$11,'Visual Data 2'!B$13,FALSE) | C2: =B2+VLOOKUP($A2,'Visual Data 1'!$A$2:$T$11,'Visual Data 2'!C$13,FALSE) | D2: =C2+VLOOKUP($A2,'Visual Data 1'!$A$2:$T$11,'Visual Data 2'!D$13,FALSE) | E2: =D2+VLOOKUP($A2,'Visual Data 1'!$A$2:$T$11,'Visual Data 2'!E$13,FALSE) | F2: =E2+VLOOKUP($A2,'Visual Data 1'!$A$2:$T$11,'Visual Data 2'!F$13,FALSE) | G2: =F2+VLOOKUP($A2,'Visual Data 1'!$A$2:$T$11,'Visual Data 2'!G$13,FALSE) | H2: =G2+VLOOKUP($A2,'Visual Data 1'!$A$2:$T$11,'Visual Data 2'!H$13,FALSE) | I2: =H2+VLOOKUP($A2,'Visual Data 1'!$A$2:$T$11,'Visual Data 2'!I$13,FALSE) | J2: =I2+VLOOKUP($A2,'Visual Data 1'!$A$2:$T$11,'Visual Data 2'!J$13,FALSE) | ... T2: =S2+VLOOKUP($A2,'Visual Data 1'!$A$2:$T$11,'Visual Data 2'!T$13,FALSE) | U2: =T2+VLOOKUP($A2,'Visual Data 1'!$A$2:$AZ$11,'Visual Data 2'!U$13,FALSE)
A3: Kevin E. | B3: =VLOOKUP($A3,'Visual Data 1'!$A$2:$T$11,'Visual Data 2'!B$13,FALSE) | C3: =B3+VLOOKUP($A3,'Visual Data 1'!$A$2:$T$11,'Visual Data 2'!C$13,FALSE) | D3: =C3+VLOOKUP($A3,'Visual Data 1'!$A$2:$T$11,'Visual Data 2'!D$13,FALSE) | E3: =D3+VLOOKUP($A3,'Visual Data 1'!$A$2:$T$11,'Visual Data 2'!E$13,FALSE) | F3: =E3+VLOOKUP($A3,'Visual Data 1'!$A$2:$T$11,'Visual Data 2'!F$13,FALSE) | G3: =F3+VLOOKUP($A3,'Visual Data 1'!$A$2:$T$11,'Visual Data 2'!G$13,FALSE) | H3: =G3+VLOOKUP($A3,'Visual Data 1'!$A$2:$T$11,'Visual Data 2'!H$13,FALSE) | I3: =H3+VLOOKUP($A3,'Visual Data 1'!$A$2:$T$11,'Visual Data 2'!I$13,FALSE) | J3: =I3+VLOOKUP($A3,'Visual Data 1'!$A$2:$T$11,'Visual Data 2'!J$13,FALSE) | ... T3: =S3+VLOOKUP($A3,'Visual Data 1'!$A$2:$T$11,'Visual Data 2'!T$13,FALSE) | U3: =T3+VLOOKUP($A3,'Visual Data 1'!$A$2:$AZ$11,'Visual Data 2'!U$13,FALSE)
A4: Dan F. | B4: =VLOOKUP($A4,'Visual Data 1'!$A$2:$T$11,'Visual Data 2'!B$13,FALSE) | C4: =B4+VLOOKUP($A4,'Visual Data 1'!$A$2:$T$11,'Visual Data 2'!C$13,FALSE) | D4: =C4+VLOOKUP($A4,'Visual Data 1'!$A$2:$T$11,'Visual Data 2'!D$13,FALSE) | E4: =D4+VLOOKUP($A4,'Visual Data 1'!$A$2:$T$11,'Visual Data 2'!E$13,FALSE) | F4: =E4+VLOOKUP($A4,'Visual Data 1'!$A$2:$T$11,'Visual Data 2'!F$13,FALSE) | G4: =F4+VLOOKUP($A4,'Visual Data 1'!$A$2:$T$11,'Visual Data 2'!G$13,FALSE) | H4: =G4+VLOOKUP($A4,'Visual Data 1'!$A$2:$T$11,'Visual Data 2'!H$13,FALSE) | I4: =H4+VLOOKUP($A4,'Visual Data 1'!$A$2:$T$11,'Visual Data 2'!I$13,FALSE) | J4: =I4+VLOOKUP($A4,'Visual Data 1'!$A$2:$T$11,'Visual Data 2'!J$13,FALSE) | ... T4: =S4+VLOOKUP($A4,'Visual Data 1'!$A$2:$T$11,'Visual Data 2'!T$13,FALSE) | U4: =T4+VLOOKUP($A4,'Visual Data 1'!$A$2:$AZ$11,'Visual Data 2'!U$13,FALSE)
A5: Rory M. | B5: =VLOOKUP($A5,'Visual Data 1'!$A$2:$T$11,'Visual Data 2'!B$13,FALSE) | C5: =B5+VLOOKUP($A5,'Visual Data 1'!$A$2:$T$11,'Visual Data 2'!C$13,FALSE) | D5: =C5+VLOOKUP($A5,'Visual Data 1'!$A$2:$T$11,'Visual Data 2'!D$13,FALSE) | E5: =D5+VLOOKUP($A5,'Visual Data 1'!$A$2:$T$11,'Visual Data 2'!E$13,FALSE) | F5: =E5+VLOOKUP($A5,'Visual Data 1'!$A$2:$T$11,'Visual Data 2'!F$13,FALSE) | G5: =F5+VLOOKUP($A5,'Visual Data 1'!$A$2:$T$11,'Visual Data 2'!G$13,FALSE) | H5: =G5+VLOOKUP($A5,'Visual Data 1'!$A$2:$T$11,'Visual Data 2'!H$13,FALSE) | I5: =H5+VLOOKUP($A5,'Visual Data 1'!$A$2:$T$11,'Visual Data 2'!I$13,FALSE) | J5: =I5+VLOOKUP($A5,'Visual Data 1'!$A$2:$T$11,'Visual Data 2'!J$13,FALSE) | ... T5: =S5+VLOOKUP($A5,'Visual Data 1'!$A$2:$T$11,'Visual Data 2'!T$13,FALSE) | U5: =T5+VLOOKUP($A5,'Visual Data 1'!$A$2:$AZ$11,'Visual Data 2'!U$13,FALSE)
A6: Mike L. | B6: =VLOOKUP($A6,'Visual Data 1'!$A$2:$T$11,'Visual Data 2'!B$13,FALSE) | C6: =B6+VLOOKUP($A6,'Visual Data 1'!$A$2:$T$11,'Visual Data 2'!C$13,FALSE) | D6: =C6+VLOOKUP($A6,'Visual Data 1'!$A$2:$T$11,'Visual Data 2'!D$13,FALSE) | E6: =D6+VLOOKUP($A6,'Visual Data 1'!$A$2:$T$11,'Visual Data 2'!E$13,FALSE) | F6: =E6+VLOOKUP($A6,'Visual Data 1'!$A$2:$T$11,'Visual Data 2'!F$13,FALSE) | G6: =F6+VLOOKUP($A6,'Visual Data 1'!$A$2:$T$11,'Visual Data 2'!G$13,FALSE) | H6: =G6+VLOOKUP($A6,'Visual Data 1'!$A$2:$T$11,'Visual Data 2'!H$13,FALSE) | I6: =H6+VLOOKUP($A6,'Visual Data 1'!$A$2:$T$11,'Visual Data 2'!I$13,FALSE) | J6: =I6+VLOOKUP($A6,'Visual Data 1'!$A$2:$T$11,'Visual Data 2'!J$13,FALSE) | ... T6: =S6+VLOOKUP($A6,'Visual Data 1'!$A$2:$T$11,'Visual Data 2'!T$13,FALSE) | U6: =T6+VLOOKUP($A6,'Visual Data 1'!$A$2:$AZ$11,'Visual Data 2'!U$13,FALSE)
A7: Kevin L. | B7: =VLOOKUP($A7,'Visual Data 1'!$A$2:$T$11,'Visual Data 2'!B$13,FALSE) | C7: =B7+VLOOKUP($A7,'Visual Data 1'!$A$2:$T$11,'Visual Data 2'!C$13,FALSE) | D7: =C7+VLOOKUP($A7,'Visual Data 1'!$A$2:$T$11,'Visual Data 2'!D$13,FALSE) | E7: =D7+VLOOKUP($A7,'Visual Data 1'!$A$2:$T$11,'Visual Data 2'!E$13,FALSE) | F7: =E7+VLOOKUP($A7,'Visual Data 1'!$A$2:$T$11,'Visual Data 2'!F$13,FALSE) | G7: =F7+VLOOKUP($A7,'Visual Data 1'!$A$2:$T$11,'Visual Data 2'!G$13,FALSE) | H7: =G7+VLOOKUP($A7,'Visual Data 1'!$A$2:$T$11,'Visual Data 2'!H$13,FALSE) | I7: =H7+VLOOKUP($A7,'Visual Data 1'!$A$2:$T$11,'Visual Data 2'!I$13,FALSE) | J7: =I7+VLOOKUP($A7,'Visual Data 1'!$A$2:$T$11,'Visual Data 2'!J$13,FALSE) | ... T7: =S7+VLOOKUP($A7,'Visual Data 1'!$A$2:$T$11,'Visual Data 2'!T$13,FALSE) | U7: =T7+VLOOKUP($A7,'Visual Data 1'!$A$2:$AZ$11,'Visual Data 2'!U$13,FALSE)
A8: Nick P. | B8: =VLOOKUP($A8,'Visual Data 1'!$A$2:$T$11,'Visual Data 2'!B$13,FALSE) | C8: =B8+VLOOKUP($A8,'Visual Data 1'!$A$2:$T$11,'Visual Data 2'!C$13,FALSE) | D8: =C8+VLOOKUP($A8,'Visual Data 1'!$A$2:$T$11,'Visual Data 2'!D$13,FALSE) | E8: =D8+VLOOKUP($A8,'Visual Data 1'!$A$2:$T$11,'Visual Data 2'!E$13,FALSE) | F8: =E8+VLOOKUP($A8,'Visual Data 1'!$A$2:$T$11,'Visual Data 2'!F$13,FALSE) | G8: =F8+VLOOKUP($A8,'Visual Data 1'!$A$2:$T$11,'Visual Data 2'!G$13,FALSE) | H8: =G8+VLOOKUP($A8,'Visual Data 1'!$A$2:$T$11,'Visual Data 2'!H$13,FALSE) | I8: =H8+VLOOKUP($A8,'Visual Data 1'!$A$2:$T$11,'Visual Data 2'!I$13,FALSE) | J8: =I8+VLOOKUP($A8,'Visual Data 1'!$A$2:$T$11,'Visual Data 2'!J$13,FALSE) | ... T8: =S8+VLOOKUP($A8,'Visual Data 1'!$A$2:$T$11,'Visual Data 2'!T$13,FALSE) | U8: =T8+VLOOKUP($A8,'Visual Data 1'!$A$2:$AZ$11,'Visual Data 2'!U$13,FALSE)
A9: Adam D. | B9: =VLOOKUP($A9,'Visual Data 1'!$A$2:$T$11,'Visual Data 2'!B$13,FALSE) | C9: =B9+VLOOKUP($A9,'Visual Data 1'!$A$2:$T$11,'Visual Data 2'!C$13,FALSE) | D9: =C9+VLOOKUP($A9,'Visual Data 1'!$A$2:$T$11,'Visual Data 2'!D$13,FALSE) | E9: =D9+VLOOKUP($A9,'Visual Data 1'!$A$2:$T$11,'Visual Data 2'!E$13,FALSE) | F9: =E9+VLOOKUP($A9,'Visual Data 1'!$A$2:$T$11,'Visual Data 2'!F$13,FALSE) | G9: =F9+VLOOKUP($A9,'Visual Data 1'!$A$2:$T$11,'Visual Data 2'!G$13,FALSE) | H9: =G9+VLOOKUP($A9,'Visual Data 1'!$A$2:$T$11,'Visual Data 2'!H$13,FALSE) | I9: =H9+VLOOKUP($A9,'Visual Data 1'!$A$2:$T$11,'Visual Data 2'!I$13,FALSE) | J9: =I9+VLOOKUP($A9,'Visual Data 1'!$A$2:$T$11,'Visual Data 2'!J$13,FALSE) | ... T9: =S9+VLOOKUP($A9,'Visual Data 1'!$A$2:$T$11,'Visual Data 2'!T$13,FALSE) | U9: =T9+VLOOKUP($A9,'Visual Data 1'!$A$2:$AZ$11,'Visual Data 2'!U$13,FALSE)
A10: Paul L. | B10: =VLOOKUP($A10,'Visual Data 1'!$A$2:$T$11,'Visual Data 2'!B$13,FALSE) | C10: =B10+VLOOKUP($A10,'Visual Data 1'!$A$2:$T$11,'Visual Data 2'!C$13,FALSE) | D10: =C10+VLOOKUP($A10,'Visual Data 1'!$A$2:$T$11,'Visual Data 2'!D$13,FALSE) | E10: =D10+VLOOKUP($A10,'Visual Data 1'!$A$2:$T$11,'Visual Data 2'!E$13,FALSE) | F10: =E10+VLOOKUP($A10,'Visual Data 1'!$A$2:$T$11,'Visual Data 2'!F$13,FALSE) | G10: =F10+VLOOKUP($A10,'Visual Data 1'!$A$2:$T$11,'Visual Data 2'!G$13,FALSE) | H10: =G10+VLOOKUP($A10,'Visual Data 1'!$A$2:$T$11,'Visual Data 2'!H$13,FALSE) | I10: =H10+VLOOKUP($A10,'Visual Data 1'!$A$2:$T$11,'Visual Data 2'!I$13,FALSE) | J10: =I10+VLOOKUP($A10,'Visual Data 1'!$A$2:$T$11,'Visual Data 2'!J$13,FALSE) | ... T10: =S10+VLOOKUP($A10,'Visual Data 1'!$A$2:$T$11,'Visual Data 2'!T$13,FALSE) | U10: =T10+VLOOKUP($A10,'Visual Data 1'!$A$2:$AZ$11,'Visual Data 2'!U$13,FALSE)
A11: Nikki T. | B11: =VLOOKUP($A11,'Visual Data 1'!$A$2:$T$11,'Visual Data 2'!B$13,FALSE) | C11: =B11+VLOOKUP($A11,'Visual Data 1'!$A$2:$T$11,'Visual Data 2'!C$13,FALSE) | D11: =C11+VLOOKUP($A11,'Visual Data 1'!$A$2:$T$11,'Visual Data 2'!D$13,FALSE) | E11: =D11+VLOOKUP($A11,'Visual Data 1'!$A$2:$T$11,'Visual Data 2'!E$13,FALSE) | F11: =E11+VLOOKUP($A11,'Visual Data 1'!$A$2:$T$11,'Visual Data 2'!F$13,FALSE) | G11: =F11+VLOOKUP($A11,'Visual Data 1'!$A$2:$T$11,'Visual Data 2'!G$13,FALSE) | H11: =G11+VLOOKUP($A11,'Visual Data 1'!$A$2:$T$11,'Visual Data 2'!H$13,FALSE) | I11: =H11+VLOOKUP($A11,'Visual Data 1'!$A$2:$T$11,'Visual Data 2'!I$13,FALSE) | J11: =I11+VLOOKUP($A11,'Visual Data 1'!$A$2:$T$11,'Visual Data 2'!J$13,FALSE) | ... T11: =S11+VLOOKUP($A11,'Visual Data 1'!$A$2:$T$11,'Visual Data 2'!T$13,FALSE) | U11: =T11+VLOOKUP($A11,'Visual Data 1'!$A$2:$AZ$11,'Visual Data 2'!U$13,FALSE)
B13: 2 | C13: 3 | D13: 4 | E13: 5 | F13: 6 | G13: 7 | H13: 8 | I13: 9 | J13: 10 | K13: 11 | L13: 12 | M13: 13 | N13: 14 | O13: 15 | P13: 16 | Q13: 17 | R13: 18 | S13: 19 | T13: 20 | U13: 21

Sheet All Time Pts - Regular Season
B2: Points - Overall Avg | C2: Points - Avg Last 3 Yrs | D2: 2026 | E2: 2025 | F2: 2024 | G2: 2023 | H2: 2022 | I2: 2021 | J2: 2020
A3: Rory M. | B3: =AVERAGE(F3:R3) | C3: =AVERAGE(E3:G3) | E3: 1459.52 | F3: 1226.54 | G3: 1687.48 | H3: 1396.8 | I3: 1406.98 | J3: 1314.54
A4: Kevin E. | B4: =AVERAGE(F4:R4) | C4: =AVERAGE(E4:G4) | E4: 1456.26 | F4: 1460.74 | G4: 1441.28 | H4: 1295.14 | I4: 1307.94 | J4: 1249.78
A5: Rich S. | B5: =AVERAGE(F5:R5) | C5: =AVERAGE(E5:G5) | E5: 1368.1 | F5: 1453.1 | G5: 1376.12 | H5: 1521.78 | I5: 1563.5 | J5: 1205.64
A6: Mike L. | B6: =AVERAGE(F6:R6) | C6: =AVERAGE(E6:G6) | E6: 1293.96 | F6: 1510.84 | G6: 1235.14 | H6: 1316.38 | I6: 1406.06 | J6: 1130.76
A7: Nick P. | B7: =AVERAGE(F7:R7) | C7: =AVERAGE(E7:G7) | E7: 1435.92 | F7: 1359.18 | G7: 1215.88 | H7: 1486.44 | I7: 1430.3 | J7: 1196.36
A8: Paul L. | B8: =AVERAGE(F8:R8) | C8: =AVERAGE(E8:G8) | E8: 1197.46 | F8: 1460.74 | G8: 1341.12 | H8: 1304.88 | I8: 1246.12 | J8: 1337.68
A9: Adam D. | B9: =AVERAGE(F9:R9) | C9: =AVERAGE(E9:G9) | E9: 1247.06 | F9: 1272.58 | G9: 1359.58 | H9: 1253.64 | I9: 1462.3 | J9: 1286.64
A10: Nikki T. | B10: =AVERAGE(F10:R10) | C10: =AVERAGE(E10:G10) | E10: 1323.4 | F10: 1328.64 | G10: 1140.18 | H10: 1241.3 | I10: 1258.48 | J10: 1228.36
A11: Kevin L. | B11: =AVERAGE(F11:R11) | C11: =AVERAGE(E11:G11) | E11: 1338.06 | F11: 1264.24 | G11: 1142.68 | H11: 1269.16 | I11: 1346 | J11: 1417.4
A12: Dan F. | B12: =AVERAGE(F12:R12) | C12: =AVERAGE(E12:G12) | E12: 1111.04 | F12: 1377.46 | G12: 1188.68 | H12: 1315.64 | I12: 1364.08 | J12: 1295.96
C13: Average | F13: =AVERAGE(F3:F12) | G13: =AVERAGE(G3:G12) | H13: =AVERAGE(H3:H12) | I13: =AVERAGE(I3:I12) | J13: =AVERAGE(J3:J12)

Sheet All Time - Trophy Counts
A1: All Time Trophy Count
B2: Active | C2: 1st Place | D2: 2nd Place | E2: 3rd Place | F2: 1st Place | G2: 2nd Place | H2: 3rd Place | I2: Total Trophies | J2: Weighted Trophies
A3: Mike L. | B3: Yes | C3: 2018, 2017, 2014 | D3: 2012, 2010, 2008 | E3: 2011 | F3: 3 | G3: 3 | H3: 1 | I3: =SUM(F3:H3) | J3: =SUM(F3*3,G3*2,H3*1)
A4: Rory M. | B4: Yes | C4: 2021, 2012 | D4: 2025, 2023, 2007, 2006 | E4: 2018, 2010 | F4: 2 | G4: 4 | H4: 2 | I4: =SUM(F4:H4) | J4: =SUM(F4*3,G4*2,H4*1)
A5: Dan F. | B5: Yes | C5: 2024 | D5: 2022, 2018, 2013 | E5: 2020, 2007 | F5: 1 | G5: 3 | H5: 2 | I5: =SUM(F5:H5) | J5: =SUM(F5*3,G5*2,H5*1)
A6: Nick P. | B6: Yes | D6: 2021, 2016, 2009 | E6: 2025, 2023, 2015, 2014 | G6: 3 | H6: 4 | I6: =SUM(F6:H6) | J6: =SUM(F6*3,G6*2,H6*1)
A7: Paul L. | B7: Yes | C7: 2020, 2007 | D7: 2015 | E7: 2024 | F7: 2 | G7: 1 | H7: 1 | I7: =SUM(F7:H7) | J7: =SUM(F7*3,G7*2,H7*1)
A8: Adam D. | B8: Yes | C8: 2023, 2011 | E8: 2019, 2017, 2006 | F8: 2 | H8: 3 | I8: =SUM(F8:H8) | J8: =SUM(F8*3,G8*2,H8*1)
A9: Rich S. | B9: Yes | D9: 2019, 2017 | E9: 2022, 2021 | G9: 2 | H9: 2 | I9: =SUM(F9:H9) | J9: =SUM(F9*3,G9*2,H9*1)
A10: Kevin E. | B10: Yes | C10: 2022 | D10: 2024 | E10: 2009 | F10: 1 | G10: 1 | H10: 1 | I10: =SUM(F10:H10) | J10: =SUM(F10*3,G10*2,H10*1)
A11: Kevin L. | B11: Yes | C11: 2016 | D11: 2020 | F11: 1 | G11: 1 | I11: =SUM(F11:H11) | J11: =SUM(F11*3,G11*2,H11*1)
A12: Nikki T. | B12: Yes | C12: 2025 | F12: 1 | I12: =SUM(F12:H12) | J12: =SUM(F12*3,G12*2,H12*1)
D13: Weighted Trophies: | E13: 1st = 3 pts, 2nd = 2 pts, 3rd = 1 pt | G13: Weighted Trophies: | H13: 1st = 3 pts, 2nd = 2 pts, 3rd = 1 pt
C17: Counts updated through 2025

Sheet Active Players - Trophy Counts

Sheet Active Players All-Time Win %

Sheet 3 Season View
E1: 9 | F1: 10 | G1: 11 | H1: 12 | I1: 13 | J1: 14
C3: Last Three Seasons ('22-'24) | E3: 2024 | G3: 2023 | I3: 2022
C4: Wins | D4: Losses | E4: Wins | F4: Losses | G4: Wins | H4: Losses | I4: Wins | J4: Losses
B5: Rich S. | C5: =E5+G5+I5 | D5: =F5+H5+J5 | E5: =VLOOKUP($B5,'All Time Wins - Regular Season'!$3:$12,E$1,FALSE) | F5: =VLOOKUP($B5,'All Time Wins - Regular Season'!$3:$12,F$1,FALSE) | G5: =VLOOKUP($B5,'All Time Wins - Regular Season'!$3:$12,G$1,FALSE) | H5: =VLOOKUP($B5,'All Time Wins - Regular Season'!$3:$12,H$1,FALSE) | I5: =VLOOKUP($B5,'All Time Wins - Regular Season'!$3:$12,I$1,FALSE) | J5: =VLOOKUP($B5,'All Time Wins - Regular Season'!$3:$12,J$1,FALSE)
B6: Dan F. | C6: =E6+G6+I6 | D6: =F6+H6+J6 | E6: =VLOOKUP($B6,'All Time Wins - Regular Season'!$3:$12,E$1,FALSE) | F6: =VLOOKUP($B6,'All Time Wins - Regular Season'!$3:$12,F$1,FALSE) | G6: =VLOOKUP($B6,'All Time Wins - Regular Season'!$3:$12,G$1,FALSE) | H6: =VLOOKUP($B6,'All Time Wins - Regular Season'!$3:$12,H$1,FALSE) | I6: =VLOOKUP($B6,'All Time Wins - Regular Season'!$3:$12,I$1,FALSE) | J6: =VLOOKUP($B6,'All Time Wins - Regular Season'!$3:$12,J$1,FALSE)
B7: Kevin E. | C7: =E7+G7+I7 | D7: =F7+H7+J7 | E7: =VLOOKUP($B7,'All Time Wins - Regular Season'!$3:$12,E$1,FALSE) | F7: =VLOOKUP($B7,'All Time Wins - Regular Season'!$3:$12,F$1,FALSE) | G7: =VLOOKUP($B7,'All Time Wins - Regular Season'!$3:$12,G$1,FALSE) | H7: =VLOOKUP($B7,'All Time Wins - Regular Season'!$3:$12,H$1,FALSE) | I7: =VLOOKUP($B7,'All Time Wins - Regular Season'!$3:$12,I$1,FALSE) | J7: =VLOOKUP($B7,'All Time Wins - Regular Season'!$3:$12,J$1,FALSE)
B8: Nick P. | C8: =E8+G8+I8 | D8: =F8+H8+J8 | E8: =VLOOKUP($B8,'All Time Wins - Regular Season'!$3:$12,E$1,FALSE) | F8: =VLOOKUP($B8,'All Time Wins - Regular Season'!$3:$12,F$1,FALSE) | G8: =VLOOKUP($B8,'All Time Wins - Regular Season'!$3:$12,G$1,FALSE) | H8: =VLOOKUP($B8,'All Time Wins - Regular Season'!$3:$12,H$1,FALSE) | I8: =VLOOKUP($B8,'All Time Wins - Regular Season'!$3:$12,I$1,FALSE) | J8: =VLOOKUP($B8,'All Time Wins - Regular Season'!$3:$12,J$1,FALSE)
B9: Mike L. | C9: =E9+G9+I9 | D9: =F9+H9+J9 | E9: =VLOOKUP($B9,'All Time Wins - Regular Season'!$3:$12,E$1,FALSE) | F9: =VLOOKUP($B9,'All Time Wins - Regular Season'!$3:$12,F$1,FALSE) | G9: =VLOOKUP($B9,'All Time Wins - Regular Season'!$3:$12,G$1,FALSE) | H9: =VLOOKUP($B9,'All Time Wins - Regular Season'!$3:$12,H$1,FALSE) | I9: =VLOOKUP($B9,'All Time Wins - Regular Season'!$3:$12,I$1,FALSE) | J9: =VLOOKUP($B9,'All Time Wins - Regular Season'!$3:$12,J$1,FALSE)
B10: Rory M. | C10: =E10+G10+I10 | D10: =F10+H10+J10 | E10: =VLOOKUP($B10,'All Time Wins - Regular Season'!$3:$12,E$1,FALSE) | F10: =VLOOKUP($B10,'All Time Wins - Regular Season'!$3:$12,F$1,FALSE) | G10: =VLOOKUP($B10,'All Time Wins - Regular Season'!$3:$12,G$1,FALSE) | H10: =VLOOKUP($B10,'All Time Wins - Regular Season'!$3:$12,H$1,FALSE) | I10: =VLOOKUP($B10,'All Time Wins - Regular Season'!$3:$12,I$1,FALSE) | J10: =VLOOKUP($B10,'All Time Wins - Regular Season'!$3:$12,J$1,FALSE)
B11: Paul L. | C11: =E11+G11+I11 | D11: =F11+H11+J11 | E11: =VLOOKUP($B11,'All Time Wins - Regular Season'!$3:$12,E$1,FALSE) | F11: =VLOOKUP($B11,'All Time Wins - Regular Season'!$3:$12,F$1,FALSE) | G11: =VLOOKUP($B11,'All Time Wins - Regular Season'!$3:$12,G$1,FALSE) | H11: =VLOOKUP($B11,'All Time Wins - Regular Season'!$3:$12,H$1,FALSE) | I11: =VLOOKUP($B11,'All Time Wins - Regular Season'!$3:$12,I$1,FALSE) | J11: =VLOOKUP($B11,'All Time Wins - Regular Season'!$3:$12,J$1,FALSE)
B12: Nikki T. | C12: =E12+G12+I12 | D12: =F12+H12+J12 | E12: =VLOOKUP($B12,'All Time Wins - Regular Season'!$3:$12,E$1,FALSE) | F12: =VLOOKUP($B12,'All Time Wins - Regular Season'!$3:$12,F$1,FALSE) | G12: =VLOOKUP($B12,'All Time Wins - Regular Season'!$3:$12,G$1,FALSE) | H12: =VLOOKUP($B12,'All Time Wins - Regular Season'!$3:$12,H$1,FALSE) | I12: =VLOOKUP($B12,'All Time Wins - Regular Season'!$3:$12,I$1,FALSE) | J12: =VLOOKUP($B12,'All Time Wins - Regular Season'!$3:$12,J$1,FALSE)
B13: Adam D. | C13: =E13+G13+I13 | D13: =F13+H13+J13 | E13: =VLOOKUP($B13,'All Time Wins - Regular Season'!$3:$12,E$1,FALSE) | F13: =VLOOKUP($B13,'All Time Wins - Regular Season'!$3:$12,F$1,FALSE) | G13: =VLOOKUP($B13,'All Time Wins - Regular Season'!$3:$12,G$1,FALSE) | H13: =VLOOKUP($B13,'All Time Wins - Regular Season'!$3:$12,H$1,FALSE) | I13: =VLOOKUP($B13,'All Time Wins - Regular Season'!$3:$12,I$1,FALSE) | J13: =VLOOKUP($B13,'All Time Wins - Regular Season'!$3:$12,J$1,FALSE)
B14: Kevin L. | C14: =E14+G14+I14 | D14: =F14+H14+J14 | E14: =VLOOKUP($B14,'All Time Wins - Regular Season'!$3:$12,E$1,FALSE) | F14: =VLOOKUP($B14,'All Time Wins - Regular Season'!$3:$12,F$1,FALSE) | G14: =VLOOKUP($B14,'All Time Wins - Regular Season'!$3:$12,G$1,FALSE) | H14: =VLOOKUP($B14,'All Time Wins - Regular Season'!$3:$12,H$1,FALSE) | I14: =VLOOKUP($B14,'All Time Wins - Regular Season'!$3:$12,I$1,FALSE) | J14: =VLOOKUP($B14,'All Time Wins - Regular Season'!$3:$12,J$1,FALSE)
G16: 🏆 | H16: World Champion

Sheet 5 Season View
E1: 9 | F1: 10 | G1: 11 | H1: 12 | I1: 13 | J1: 14 | K1: 15 | L1: 16 | M1: 17 | N1: 18
C3: Last Four Seasons ('20-'24) | E3: 2024 | G3: 2023 | I3: 2022 | K3: 2021 | M3: 2020
C4: Wins | D4: Losses | E4: Wins | F4: Losses | G4: Wins | H4: Losses | I4: Wins | J4: Losses | K4: Wins | L4: Losses | M4: Wins | N4: Losses
B5: Dan F. | C5: =E5+I5+K5+M5+G5 | D5: =F5+J5+L5+N5+H5 | E5: =VLOOKUP($B5,'All Time Wins - Regular Season'!$3:$12,E$1,FALSE) | F5: =VLOOKUP($B5,'All Time Wins - Regular Season'!$3:$12,F$1,FALSE) | G5: =VLOOKUP($B5,'All Time Wins - Regular Season'!$3:$12,G$1,FALSE) | H5: =VLOOKUP($B5,'All Time Wins - Regular Season'!$3:$12,H$1,FALSE) | I5: =VLOOKUP($B5,'All Time Wins - Regular Season'!$3:$12,I$1,FALSE) | J5: =VLOOKUP($B5,'All Time Wins - Regular Season'!$3:$12,J$1,FALSE) | K5: =VLOOKUP($B5,'All Time Wins - Regular Season'!$3:$12,K$1,FALSE) | L5: =VLOOKUP($B5,'All Time Wins - Regular Season'!$3:$12,L$1,FALSE) | ... N5: =VLOOKUP($B5,'All Time Wins - Regular Season'!$3:$12,N$1,FALSE)
B6: Rich S. | C6: =E6+I6+K6+M6+G6 | D6: =F6+J6+L6+N6+H6 | E6: =VLOOKUP($B6,'All Time Wins - Regular Season'!$3:$12,E$1,FALSE) | F6: =VLOOKUP($B6,'All Time Wins - Regular Season'!$3:$12,F$1,FALSE) | G6: =VLOOKUP($B6,'All Time Wins - Regular Season'!$3:$12,G$1,FALSE) | H6: =VLOOKUP($B6,'All Time Wins - Regular Season'!$3:$12,H$1,FALSE) | I6: =VLOOKUP($B6,'All Time Wins - Regular Season'!$3:$12,I$1,FALSE) | J6: =VLOOKUP($B6,'All Time Wins - Regular Season'!$3:$12,J$1,FALSE) | K6: =VLOOKUP($B6,'All Time Wins - Regular Season'!$3:$12,K$1,FALSE) | L6: =VLOOKUP($B6,'All Time Wins - Regular Season'!$3:$12,L$1,FALSE) | ... N6: =VLOOKUP($B6,'All Time Wins - Regular Season'!$3:$12,N$1,FALSE)
B7: Kevin E. | C7: =E7+I7+K7+M7+G7 | D7: =F7+J7+L7+N7+H7 | E7: =VLOOKUP($B7,'All Time Wins - Regular Season'!$3:$12,E$1,FALSE) | F7: =VLOOKUP($B7,'All Time Wins - Regular Season'!$3:$12,F$1,FALSE) | G7: =VLOOKUP($B7,'All Time Wins - Regular Season'!$3:$12,G$1,FALSE) | H7: =VLOOKUP($B7,'All Time Wins - Regular Season'!$3:$12,H$1,FALSE) | I7: =VLOOKUP($B7,'All Time Wins - Regular Season'!$3:$12,I$1,FALSE) | J7: =VLOOKUP($B7,'All Time Wins - Regular Season'!$3:$12,J$1,FALSE) | K7: =VLOOKUP($B7,'All Time Wins - Regular Season'!$3:$12,K$1,FALSE) | L7: =VLOOKUP($B7,'All Time Wins - Regular Season'!$3:$12,L$1,FALSE) | ... N7: =VLOOKUP($B7,'All Time Wins - Regular Season'!$3:$12,N$1,FALSE)
B8: Nick P. | C8: =E8+I8+K8+M8+G8 | D8: =F8+J8+L8+N8+H8 | E8: =VLOOKUP($B8,'All Time Wins - Regular Season'!$3:$12,E$1,FALSE) | F8: =VLOOKUP($B8,'All Time Wins - Regular Season'!$3:$12,F$1,FALSE) | G8: =VLOOKUP($B8,'All Time Wins - Regular Season'!$3:$12,G$1,FALSE) | H8: =VLOOKUP($B8,'All Time Wins - Regular Season'!$3:$12,H$1,FALSE) | I8: =VLOOKUP($B8,'All Time Wins - Regular Season'!$3:$12,I$1,FALSE) | J8: =VLOOKUP($B8,'All Time Wins - Regular Season'!$3:$12,J$1,FALSE) | K8: =VLOOKUP($B8,'All Time Wins - Regular Season'!$3:$12,K$1,FALSE) | L8: =VLOOKUP($B8,'All Time Wins - Regular Season'!$3:$12,L$1,FALSE) | ... N8: =VLOOKUP($B8,'All Time Wins - Regular Season'!$3:$12,N$1,FALSE)
B9: Rory M. | C9: =E9+I9+K9+M9+G9 | D9: =F9+J9+L9+N9+H9 | E9: =VLOOKUP($B9,'All Time Wins - Regular Season'!$3:$12,E$1,FALSE) | F9: =VLOOKUP($B9,'All Time Wins - Regular Season'!$3:$12,F$1,FALSE) | G9: =VLOOKUP($B9,'All Time Wins - Regular Season'!$3:$12,G$1,FALSE) | H9: =VLOOKUP($B9,'All Time Wins - Regular Season'!$3:$12,H$1,FALSE) | I9: =VLOOKUP($B9,'All Time Wins - Regular Season'!$3:$12,I$1,FALSE) | J9: =VLOOKUP($B9,'All Time Wins - Regular Season'!$3:$12,J$1,FALSE) | K9: =VLOOKUP($B9,'All Time Wins - Regular Season'!$3:$12,K$1,FALSE) | L9: =VLOOKUP($B9,'All Time Wins - Regular Season'!$3:$12,L$1,FALSE) | ... N9: =VLOOKUP($B9,'All Time Wins - Regular Season'!$3:$12,N$1,FALSE)
B10: Mike L. | C10: =E10+I10+K10+M10+G10 | D10: =F10+J10+L10+N10+H10 | E10: =VLOOKUP($B10,'All Time Wins - Regular Season'!$3:$12,E$1,FALSE) | F10: =VLOOKUP($B10,'All Time Wins - Regular Season'!$3:$12,F$1,FALSE) | G10: =VLOOKUP($B10,'All Time Wins - Regular Season'!$3:$12,G$1,FALSE) | H10: =VLOOKUP($B10,'All Time Wins - Regular Season'!$3:$12,H$1,FALSE) | I10: =VLOOKUP($B10,'All Time Wins - Regular Season'!$3:$12,I$1,FALSE) | J10: =VLOOKUP($B10,'All Time Wins - Regular Season'!$3:$12,J$1,FALSE) | K10: =VLOOKUP($B10,'All Time Wins - Regular Season'!$3:$12,K$1,FALSE) | L10: =VLOOKUP($B10,'All Time Wins - Regular Season'!$3:$12,L$1,FALSE) | ... N10: =VLOOKUP($B10,'All Time Wins - Regular Season'!$3:$12,N$1,FALSE)
B11: Adam D. | C11: =E11+I11+K11+M11+G11 | D11: =F11+J11+L11+N11+H11 | E11: =VLOOKUP($B11,'All Time Wins - Regular Season'!$3:$12,E$1,FALSE) | F11: =VLOOKUP($B11,'All Time Wins - Regular Season'!$3:$12,F$1,FALSE) | G11: =VLOOKUP($B11,'All Time Wins - Regular Season'!$3:$12,G$1,FALSE) | H11: =VLOOKUP($B11,'All Time Wins - Regular Season'!$3:$12,H$1,FALSE) | I11: =VLOOKUP($B11,'All Time Wins - Regular Season'!$3:$12,I$1,FALSE) | J11: =VLOOKUP($B11,'All Time Wins - Regular Season'!$3:$12,J$1,FALSE) | K11: =VLOOKUP($B11,'All Time Wins - Regular Season'!$3:$12,K$1,FALSE) | L11: =VLOOKUP($B11,'All Time Wins - Regular Season'!$3:$12,L$1,FALSE) | ... N11: =VLOOKUP($B11,'All Time Wins - Regular Season'!$3:$12,N$1,FALSE)
B12: Paul L. | C12: =E12+I12+K12+M12+G12 | D12: =F12+J12+L12+N12+H12 | E12: =VLOOKUP($B12,'All Time Wins - Regular Season'!$3:$12,E$1,FALSE) | F12: =VLOOKUP($B12,'All Time Wins - Regular Season'!$3:$12,F$1,FALSE) | G12: =VLOOKUP($B12,'All Time Wins - Regular Season'!$3:$12,G$1,FALSE) | H12: =VLOOKUP($B12,'All Time Wins - Regular Season'!$3:$12,H$1,FALSE) | I12: =VLOOKUP($B12,'All Time Wins - Regular Season'!$3:$12,I$1,FALSE) | J12: =VLOOKUP($B12,'All Time Wins - Regular Season'!$3:$12,J$1,FALSE) | K12: =VLOOKUP($B12,'All Time Wins - Regular Season'!$3:$12,K$1,FALSE) | L12: =VLOOKUP($B12,'All Time Wins - Regular Season'!$3:$12,L$1,FALSE) | ... N12: =VLOOKUP($B12,'All Time Wins - Regular Season'!$3:$12,N$1,FALSE)
B13: Nikki T. | C13: =E13+I13+K13+M13+G13 | D13: =F13+J13+L13+N13+H13 | E13: =VLOOKUP($B13,'All Time Wins - Regular Season'!$3:$12,E$1,FALSE) | F13: =VLOOKUP($B13,'All Time Wins - Regular Season'!$3:$12,F$1,FALSE) | G13: =VLOOKUP($B13,'All Time Wins - Regular Season'!$3:$12,G$1,FALSE) | H13: =VLOOKUP($B13,'All Time Wins - Regular Season'!$3:$12,H$1,FALSE) | I13: =VLOOKUP($B13,'All Time Wins - Regular Season'!$3:$12,I$1,FALSE) | J13: =VLOOKUP($B13,'All Time Wins - Regular Season'!$3:$12,J$1,FALSE) | K13: =VLOOKUP($B13,'All Time Wins - Regular Season'!$3:$12,K$1,FALSE) | L13: =VLOOKUP($B13,'All Time Wins - Regular Season'!$3:$12,L$1,FALSE) | ... N13: =VLOOKUP($B13,'All Time Wins - Regular Season'!$3:$12,N$1,FALSE)
B14: Kevin L. | C14: =E14+I14+K14+M14+G14 | D14: =F14+J14+L14+N14+H14 | E14: =VLOOKUP($B14,'All Time Wins - Regular Season'!$3:$12,E$1,FALSE) | F14: =VLOOKUP($B14,'All Time Wins - Regular Season'!$3:$12,F$1,FALSE) | G14: =VLOOKUP($B14,'All Time Wins - Regular Season'!$3:$12,G$1,FALSE) | H14: =VLOOKUP($B14,'All Time Wins - Regular Season'!$3:$12,H$1,FALSE) | I14: =VLOOKUP($B14,'All Time Wins - Regular Season'!$3:$12,I$1,FALSE) | J14: =VLOOKUP($B14,'All Time Wins - Regular Season'!$3:$12,J$1,FALSE) | K14: =VLOOKUP($B14,'All Time Wins - Regular Season'!$3:$12,K$1,FALSE) | L14: =VLOOKUP($B14,'All Time Wins - Regular Season'!$3:$12,L$1,FALSE) | ... N14: =VLOOKUP($B14,'All Time Wins - Regular Season'!$3:$12,N$1,FALSE)
